Type,Address
IPv4,107.180.224.0/19
IPv4,173.236.128.0/17
IPv4,205.196.208.0/22
IPv4,205.196.212.0/22
IPv4,205.196.216.0/22
IPv4,205.196.220.0/22
IPv4,208.113.128.0/18
IPv4,208.113.192.0/19
IPv4,208.113.224.0/20
IPv4,208.113.240.0/22
IPv4,208.113.244.0/22
IPv4,208.113.248.0/21
IPv4,208.97.128.0/18
IPv4,64.111.96.0/19
IPv4,64.90.32.0/19
IPv4,64.90.58.0/23
IPv4,66.33.192.0/20
IPv4,66.33.216.0/24
IPv4,67.205.0.0/19
IPv4,67.205.32.0/21
IPv4,67.205.40.0/21
IPv4,67.205.48.0/21
IPv4,67.205.56.0/21
IPv4,69.163.128.0/17
IPv4,75.119.192.0/19
IPv6,2607:f298:5::/48
IPv6,2607:f298:6050::/44
IPv6,2607:f298:6::/48
